,ID,Airline,Number of Stops,Origin,Destination,Departure,Arrival,Duration,Baggage,Price,Currency,Airline Code,Cabin
0,1,,0,SYD,AUH,2023-03-15T15:50:00,2023-03-15T23:25:00,PT25H55M,2,2096.62,GBP,EY,ECONOMY
1,1,,0,AUH,LHR,2023-03-16T02:55:00,2023-03-16T06:45:00,PT25H55M,2,2096.62,GBP,EY,ECONOMY
2,1,,0,LHR,AUH,2023-07-26T09:30:00,2023-07-26T19:40:00,PT23H20M,2,2096.62,GBP,EY,ECONOMY
3,1,,0,AUH,SYD,2023-07-26T21:55:00,2023-07-27T17:50:00,PT23H20M,2,2096.62,GBP,EY,ECONOMY
4,2,,0,SYD,AUH,2023-03-15T15:50:00,2023-03-15T23:25:00,PT25H55M,2,2096.62,GBP,EY,ECONOMY
5,2,,0,AUH,LHR,2023-03-16T02:55:00,2023-03-16T06:45:00,PT25H55M,2,2096.62,GBP,EY,ECONOMY
6,2,,0,LHR,AUH,2023-07-26T20:45:00,2023-07-27T06:50:00,PT24H45M,2,2096.62,GBP,EY,ECONOMY
7,2,,0,AUH,SYD,2023-07-27T10:45:00,2023-07-28T06:30:00,PT24H45M,2,2096.62,GBP,EY,ECONOMY
8,3,,0,SYD,AUH,2023-03-15T15:50:00,2023-03-15T23:25:00,PT25H55M,2,2096.62,GBP,EY,ECONOMY
9,3,,0,AUH,LHR,2023-03-16T02:55:00,2023-03-16T06:45:00,PT25H55M,2,2096.62,GBP,EY,ECONOMY
10,3,,0,LHR,AUH,2023-07-26T14:50:00,2023-07-27T00:55:00,PT30H40M,2,2096.62,GBP,EY,ECONOMY
11,3,,0,AUH,SYD,2023-07-27T10:45:00,2023-07-28T06:30:00,PT30H40M,2,2096.62,GBP,EY,ECONOMY
12,4,,0,SYD,AUH,2023-03-15T15:50:00,2023-03-15T23:25:00,PT25H55M,2,2096.62,GBP,EY,ECONOMY
13,4,,0,AUH,LHR,2023-03-16T02:55:00,2023-03-16T06:45:00,PT25H55M,2,2096.62,GBP,EY,ECONOMY
14,4,,0,LHR,AUH,2023-07-26T09:30:00,2023-07-26T19:40:00,PT36H,2,2096.62,GBP,EY,ECONOMY
15,4,,0,AUH,SYD,2023-07-27T10:45:00,2023-07-28T06:30:00,PT36H,2,2096.62,GBP,EY,ECONOMY
16,5,"ALL NIPPON AIRWAYS CO., LTD.",0,SYD,HND,2023-03-15T21:35:00,2023-03-16T05:10:00,PT29H,1,2124.22,GBP,NH,ECONOMY
17,5,"ALL NIPPON AIRWAYS CO., LTD.",0,HND,LHR,2023-03-16T09:25:00,2023-03-16T15:35:00,PT29H,1,2124.22,GBP,NH,ECONOMY
18,5,"ALL NIPPON AIRWAYS CO., LTD.",0,LHR,HND,2023-07-26T19:00:00,2023-07-27T14:50:00,PT28H55M,1,2124.22,GBP,NH,ECONOMY
19,5,"ALL NIPPON AIRWAYS CO., LTD.",0,HND,SYD,2023-07-27T22:20:00,2023-07-28T08:55:00,PT28H55M,1,2124.22,GBP,NH,ECONOMY
20,6,CATHAY PACIFIC AIRWAYS LTD.,0,SYD,HKG,2023-03-15T15:45:00,2023-03-15T21:55:00,PT24H15M,1,2169.82,GBP,CX,ECONOMY
21,6,CATHAY PACIFIC AIRWAYS LTD.,0,HKG,LHR,2023-03-15T23:55:00,2023-03-16T05:00:00,PT24H15M,1,2169.82,GBP,CX,ECONOMY
22,6,CATHAY PACIFIC AIRWAYS LTD.,0,LHR,HKG,2023-07-26T18:20:00,2023-07-27T13:25:00,PT31H30M,1,2169.82,GBP,CX,ECONOMY
23,6,CATHAY PACIFIC AIRWAYS LTD.,0,HKG,SYD,2023-07-27T23:55:00,2023-07-28T10:50:00,PT31H30M,1,2169.82,GBP,CX,ECONOMY
24,7,CATHAY PACIFIC AIRWAYS LTD.,0,SYD,HKG,2023-03-15T15:45:00,2023-03-15T21:55:00,PT24H15M,1,2195.02,GBP,CX,ECONOMY
25,7,CATHAY PACIFIC AIRWAYS LTD.,0,HKG,LHR,2023-03-15T23:55:00,2023-03-16T05:00:00,PT24H15M,1,2195.02,GBP,CX,ECONOMY
26,7,CATHAY PACIFIC AIRWAYS LTD.,0,LHR,HKG,2023-07-26T18:20:00,2023-07-27T13:25:00,PT40H55M,1,2195.02,GBP,CX,ECONOMY
27,7,CATHAY PACIFIC AIRWAYS LTD.,0,HKG,SYD,2023-07-28T09:10:00,2023-07-28T20:15:00,PT40H55M,1,2195.02,GBP,CX,ECONOMY
28,8,CATHAY PACIFIC AIRWAYS LTD.,0,SYD,HKG,2023-03-15T15:45:00,2023-03-15T21:55:00,PT24H15M,1,2657.82,GBP,CX,ECONOMY
29,8,CATHAY PACIFIC AIRWAYS LTD.,0,HKG,LHR,2023-03-15T23:55:00,2023-03-16T05:00:00,PT24H15M,1,2657.82,GBP,CX,ECONOMY
30,8,CATHAY PACIFIC AIRWAYS LTD.,0,LHR,HKG,2023-07-26T12:20:00,2023-07-27T07:00:00,PT22H55M,1,2657.82,GBP,CX,ECONOMY
31,8,CATHAY PACIFIC AIRWAYS LTD.,0,HKG,SYD,2023-07-27T09:10:00,2023-07-27T20:15:00,PT22H55M,1,2657.82,GBP,CX,ECONOMY
32,9,CATHAY PACIFIC AIRWAYS LTD.,0,SYD,HKG,2023-03-15T15:45:00,2023-03-15T21:55:00,PT24H15M,1,2657.82,GBP,CX,ECONOMY
33,9,CATHAY PACIFIC AIRWAYS LTD.,0,HKG,LHR,2023-03-15T23:55:00,2023-03-16T05:00:00,PT24H15M,1,2657.82,GBP,CX,ECONOMY
34,9,CATHAY PACIFIC AIRWAYS LTD.,0,LHR,HKG,2023-07-26T12:20:00,2023-07-27T07:00:00,PT37H30M,1,2657.82,GBP,CX,ECONOMY
35,9,CATHAY PACIFIC AIRWAYS LTD.,0,HKG,SYD,2023-07-27T23:55:00,2023-07-28T10:50:00,PT37H30M,1,2657.82,GBP,CX,ECONOMY
36,10,EMIRATES SKY CARGO,0,SYD,DXB,2023-03-15T06:00:00,2023-03-15T13:20:00,PT23H20M,2,2825.82,GBP,EK,ECONOMY
37,10,EMIRATES SKY CARGO,0,DXB,LHR,2023-03-15T14:30:00,2023-03-15T18:20:00,PT23H20M,2,2825.82,GBP,EK,ECONOMY
38,10,QANTAS AIRWAYS LTD.,1,LHR,SYD,2023-07-26T21:05:00,2023-07-28T05:10:00,PT23H5M,2,2825.82,GBP,QF,ECONOMY
39,11,QANTAS AIRWAYS LTD.,1,SYD,LHR,2023-03-15T17:05:00,2023-03-16T06:15:00,PT24H10M,2,2830.22,GBP,QF,ECONOMY
40,11,QANTAS AIRWAYS LTD.,1,LHR,SYD,2023-07-26T21:05:00,2023-07-28T05:10:00,PT23H5M,2,2830.22,GBP,QF,ECONOMY
41,12,QANTAS AIRWAYS LTD.,0,SYD,DXB,2023-03-15T06:00:00,2023-03-15T13:20:00,PT23H20M,2,2865.02,GBP,QF,ECONOMY
42,12,QANTAS AIRWAYS LTD.,0,DXB,LHR,2023-03-15T14:30:00,2023-03-15T18:20:00,PT23H20M,2,2865.02,GBP,QF,ECONOMY
43,12,QANTAS AIRWAYS LTD.,1,LHR,SYD,2023-07-26T21:05:00,2023-07-28T05:10:00,PT23H5M,2,2865.02,GBP,QF,ECONOMY
44,13,MALAYSIA AIRLINES SYSTEM BERHAD,0,SYD,KUL,2023-03-15T22:15:00,2023-03-16T03:50:00,PT28H10M,2,3137.82,GBP,MH,ECONOMY
45,13,MALAYSIA AIRLINES SYSTEM BERHAD,0,KUL,LHR,2023-03-16T09:05:00,2023-03-16T15:25:00,PT28H10M,2,3137.82,GBP,MH,ECONOMY
46,13,MALAYSIA AIRLINES SYSTEM BERHAD,0,LHR,KUL,2023-07-26T10:00:00,2023-07-27T07:15:00,PT24H35M,2,3137.82,GBP,MH,ECONOMY
47,13,MALAYSIA AIRLINES SYSTEM BERHAD,0,KUL,SYD,2023-07-27T09:10:00,2023-07-27T19:35:00,PT24H35M,2,3137.82,GBP,MH,ECONOMY
48,14,MALAYSIA AIRLINES SYSTEM BERHAD,0,SYD,KUL,2023-03-15T13:10:00,2023-03-15T18:45:00,PT37H15M,2,3173.82,GBP,MH,ECONOMY
49,14,MALAYSIA AIRLINES SYSTEM BERHAD,0,KUL,LHR,2023-03-16T09:05:00,2023-03-16T15:25:00,PT37H15M,2,3173.82,GBP,MH,ECONOMY
50,14,MALAYSIA AIRLINES SYSTEM BERHAD,0,LHR,KUL,2023-07-26T10:00:00,2023-07-27T07:15:00,PT24H35M,2,3173.82,GBP,MH,ECONOMY
51,14,MALAYSIA AIRLINES SYSTEM BERHAD,0,KUL,SYD,2023-07-27T09:10:00,2023-07-27T19:35:00,PT24H35M,2,3173.82,GBP,MH,ECONOMY
52,15,MALAYSIA AIRLINES SYSTEM BERHAD,0,SYD,KUL,2023-03-15T22:15:00,2023-03-16T03:50:00,PT28H10M,2,3327.82,GBP,MH,ECONOMY
53,15,MALAYSIA AIRLINES SYSTEM BERHAD,0,KUL,LHR,2023-03-16T09:05:00,2023-03-16T15:25:00,PT28H10M,2,3327.82,GBP,MH,ECONOMY
54,15,MALAYSIA AIRLINES SYSTEM BERHAD,0,LHR,KUL,2023-07-26T20:35:00,2023-07-27T17:50:00,PT28H25M,2,3327.82,GBP,MH,ECONOMY
55,15,MALAYSIA AIRLINES SYSTEM BERHAD,0,KUL,SYD,2023-07-27T23:45:00,2023-07-28T10:00:00,PT28H25M,2,3327.82,GBP,MH,ECONOMY
56,16,MALAYSIA AIRLINES SYSTEM BERHAD,0,SYD,KUL,2023-03-15T13:10:00,2023-03-15T18:45:00,PT37H15M,2,3363.82,GBP,MH,ECONOMY
57,16,MALAYSIA AIRLINES SYSTEM BERHAD,0,KUL,LHR,2023-03-16T09:05:00,2023-03-16T15:25:00,PT37H15M,2,3363.82,GBP,MH,ECONOMY
58,16,MALAYSIA AIRLINES SYSTEM BERHAD,0,LHR,KUL,2023-07-26T20:35:00,2023-07-27T17:50:00,PT28H25M,2,3363.82,GBP,MH,ECONOMY
59,16,MALAYSIA AIRLINES SYSTEM BERHAD,0,KUL,SYD,2023-07-27T23:45:00,2023-07-28T10:00:00,PT28H25M,2,3363.82,GBP,MH,ECONOMY
60,17,LUFTHANSA CARGO AG.,0,SYD,SIN,2023-03-15T16:10:00,2023-03-15T21:20:00,PT26H55M,1,3573.02,GBP,LH,ECONOMY
61,17,LUFTHANSA CARGO AG.,0,SIN,MUC,2023-03-15T23:55:00,2023-03-16T05:55:00,PT26H55M,1,3573.02,GBP,LH,ECONOMY
62,17,LUFTHANSA CARGO AG.,0,MUC,LHR,2023-03-16T07:00:00,2023-03-16T08:05:00,PT26H55M,1,3573.02,GBP,LH,ECONOMY
63,17,LUFTHANSA CARGO AG.,0,LHR,SFO,2023-07-26T10:25:00,2023-07-26T13:30:00,PT35H35M,1,3573.02,GBP,LH,ECONOMY
64,17,LUFTHANSA CARGO AG.,0,SFO,SYD,2023-07-26T22:55:00,2023-07-28T07:00:00,PT35H35M,1,3573.02,GBP,LH,ECONOMY
65,18,LUFTHANSA CARGO AG.,0,SYD,SIN,2023-03-15T16:10:00,2023-03-15T21:20:00,PT29H15M,1,3573.02,GBP,LH,ECONOMY
66,18,LUFTHANSA CARGO AG.,0,SIN,MUC,2023-03-15T23:55:00,2023-03-16T05:55:00,PT29H15M,1,3573.02,GBP,LH,ECONOMY
67,18,LUFTHANSA CARGO AG.,0,MUC,LHR,2023-03-16T09:20:00,2023-03-16T10:25:00,PT29H15M,1,3573.02,GBP,LH,ECONOMY
68,18,LUFTHANSA CARGO AG.,0,LHR,SFO,2023-07-26T10:25:00,2023-07-26T13:30:00,PT35H35M,1,3573.02,GBP,LH,ECONOMY
69,18,LUFTHANSA CARGO AG.,0,SFO,SYD,2023-07-26T22:55:00,2023-07-28T07:00:00,PT35H35M,1,3573.02,GBP,LH,ECONOMY
70,19,LUFTHANSA CARGO AG.,0,SYD,SIN,2023-03-15T16:10:00,2023-03-15T21:20:00,PT31H50M,1,3573.02,GBP,LH,ECONOMY
71,19,LUFTHANSA CARGO AG.,0,SIN,MUC,2023-03-15T23:55:00,2023-03-16T05:55:00,PT31H50M,1,3573.02,GBP,LH,ECONOMY
72,19,LUFTHANSA CARGO AG.,0,MUC,LHR,2023-03-16T11:55:00,2023-03-16T13:00:00,PT31H50M,1,3573.02,GBP,LH,ECONOMY
73,19,LUFTHANSA CARGO AG.,0,LHR,SFO,2023-07-26T10:25:00,2023-07-26T13:30:00,PT35H35M,1,3573.02,GBP,LH,ECONOMY
74,19,LUFTHANSA CARGO AG.,0,SFO,SYD,2023-07-26T22:55:00,2023-07-28T07:00:00,PT35H35M,1,3573.02,GBP,LH,ECONOMY
75,20,MALAYSIA AIRLINES SYSTEM BERHAD,0,SYD,KUL,2023-03-15T13:10:00,2023-03-15T18:45:00,PT27H25M,2,3587.82,GBP,MH,ECONOMY
76,20,MALAYSIA AIRLINES SYSTEM BERHAD,0,KUL,LHR,2023-03-15T23:30:00,2023-03-16T05:35:00,PT27H25M,2,3587.82,GBP,MH,ECONOMY
77,20,MALAYSIA AIRLINES SYSTEM BERHAD,0,LHR,KUL,2023-07-26T10:00:00,2023-07-27T07:15:00,PT24H35M,2,3587.82,GBP,MH,ECONOMY
78,20,MALAYSIA AIRLINES SYSTEM BERHAD,0,KUL,SYD,2023-07-27T09:10:00,2023-07-27T19:35:00,PT24H35M,2,3587.82,GBP,MH,ECONOMY
79,21,LUFTHANSA CARGO AG.,0,SYD,SIN,2023-03-15T16:10:00,2023-03-15T21:20:00,PT26H35M,1,3602.02,GBP,LH,ECONOMY
80,21,LUFTHANSA CARGO AG.,0,SIN,FRA,2023-03-15T23:55:00,2023-03-16T06:00:00,PT26H35M,1,3602.02,GBP,LH,ECONOMY
81,21,LUFTHANSA CARGO AG.,0,FRA,LHR,2023-03-16T07:00:00,2023-03-16T07:45:00,PT26H35M,1,3602.02,GBP,LH,ECONOMY
82,21,LUFTHANSA CARGO AG.,0,LHR,SFO,2023-07-26T10:25:00,2023-07-26T13:30:00,PT35H35M,1,3602.02,GBP,LH,ECONOMY
83,21,LUFTHANSA CARGO AG.,0,SFO,SYD,2023-07-26T22:55:00,2023-07-28T07:00:00,PT35H35M,1,3602.02,GBP,LH,ECONOMY
84,22,LUFTHANSA CARGO AG.,0,SYD,SIN,2023-03-15T16:10:00,2023-03-15T21:20:00,PT27H35M,1,3602.02,GBP,LH,ECONOMY
85,22,LUFTHANSA CARGO AG.,0,SIN,FRA,2023-03-15T23:55:00,2023-03-16T06:00:00,PT27H35M,1,3602.02,GBP,LH,ECONOMY
86,22,LUFTHANSA CARGO AG.,0,FRA,LHR,2023-03-16T08:00:00,2023-03-16T08:45:00,PT27H35M,1,3602.02,GBP,LH,ECONOMY
87,22,LUFTHANSA CARGO AG.,0,LHR,SFO,2023-07-26T10:25:00,2023-07-26T13:30:00,PT35H35M,1,3602.02,GBP,LH,ECONOMY
88,22,LUFTHANSA CARGO AG.,0,SFO,SYD,2023-07-26T22:55:00,2023-07-28T07:00:00,PT35H35M,1,3602.02,GBP,LH,ECONOMY
89,23,LUFTHANSA CARGO AG.,0,SYD,SIN,2023-03-15T16:10:00,2023-03-15T21:20:00,PT28H35M,1,3602.02,GBP,LH,ECONOMY
90,23,LUFTHANSA CARGO AG.,0,SIN,FRA,2023-03-15T23:55:00,2023-03-16T06:00:00,PT28H35M,1,3602.02,GBP,LH,ECONOMY
91,23,LUFTHANSA CARGO AG.,0,FRA,LHR,2023-03-16T09:00:00,2023-03-16T09:45:00,PT28H35M,1,3602.02,GBP,LH,ECONOMY
92,23,LUFTHANSA CARGO AG.,0,LHR,SFO,2023-07-26T10:25:00,2023-07-26T13:30:00,PT35H35M,1,3602.02,GBP,LH,ECONOMY
93,23,LUFTHANSA CARGO AG.,0,SFO,SYD,2023-07-26T22:55:00,2023-07-28T07:00:00,PT35H35M,1,3602.02,GBP,LH,ECONOMY
94,24,LUFTHANSA CARGO AG.,0,SYD,SIN,2023-03-15T16:10:00,2023-03-15T21:20:00,PT29H35M,1,3602.02,GBP,LH,ECONOMY
95,24,LUFTHANSA CARGO AG.,0,SIN,FRA,2023-03-15T23:55:00,2023-03-16T06:00:00,PT29H35M,1,3602.02,GBP,LH,ECONOMY
96,24,LUFTHANSA CARGO AG.,0,FRA,LHR,2023-03-16T10:00:00,2023-03-16T10:45:00,PT29H35M,1,3602.02,GBP,LH,ECONOMY
97,24,LUFTHANSA CARGO AG.,0,LHR,SFO,2023-07-26T10:25:00,2023-07-26T13:30:00,PT35H35M,1,3602.02,GBP,LH,ECONOMY
98,24,LUFTHANSA CARGO AG.,0,SFO,SYD,2023-07-26T22:55:00,2023-07-28T07:00:00,PT35H35M,1,3602.02,GBP,LH,ECONOMY
99,25,,0,SYD,DOH,2023-03-15T22:00:00,2023-03-16T04:50:00,PT25H15M,2,3626.62,GBP,QR,ECONOMY
100,25,,0,DOH,LHR,2023-03-16T07:40:00,2023-03-16T12:15:00,PT25H15M,2,3626.62,GBP,QR,ECONOMY
101,25,,0,LHR,DOH,2023-07-26T10:50:00,2023-07-26T19:30:00,PT21H20M,2,3626.62,GBP,QR,ECONOMY
102,25,,0,DOH,SYD,2023-07-26T20:15:00,2023-07-27T17:10:00,PT21H20M,2,3626.62,GBP,QR,ECONOMY
103,26,AIR INDIA LTD.,0,SYD,DEL,2023-03-15T10:15:00,2023-03-15T17:40:00,PT31H20M,1,3815.42,GBP,AI,ECONOMY
104,26,AIR INDIA LTD.,0,DEL,LHR,2023-03-16T02:40:00,2023-03-16T06:35:00,PT31H20M,1,3815.42,GBP,AI,ECONOMY
105,26,AIR INDIA LTD.,0,LHR,DEL,2023-07-26T21:30:00,2023-07-27T11:10:00,PT24H40M,1,3815.42,GBP,AI,ECONOMY
106,26,AIR INDIA LTD.,0,DEL,SYD,2023-07-27T14:05:00,2023-07-28T07:10:00,PT24H40M,1,3815.42,GBP,AI,ECONOMY
107,27,AIR INDIA LTD.,0,SYD,DEL,2023-03-15T10:15:00,2023-03-15T17:40:00,PT31H20M,1,3815.42,GBP,AI,ECONOMY
108,27,AIR INDIA LTD.,0,DEL,LHR,2023-03-16T02:40:00,2023-03-16T06:35:00,PT31H20M,1,3815.42,GBP,AI,ECONOMY
109,27,AIR INDIA LTD.,0,LHR,DEL,2023-07-26T08:45:00,2023-07-26T22:25:00,PT37H25M,1,3815.42,GBP,AI,ECONOMY
110,27,AIR INDIA LTD.,0,DEL,SYD,2023-07-27T14:05:00,2023-07-28T07:10:00,PT37H25M,1,3815.42,GBP,AI,ECONOMY
111,28,AIR INDIA LTD.,0,SYD,DEL,2023-03-15T10:15:00,2023-03-15T17:40:00,PT43H40M,1,3815.42,GBP,AI,ECONOMY
112,28,AIR INDIA LTD.,0,DEL,LHR,2023-03-16T15:00:00,2023-03-16T18:55:00,PT43H40M,1,3815.42,GBP,AI,ECONOMY
113,28,AIR INDIA LTD.,0,LHR,DEL,2023-07-26T21:30:00,2023-07-27T11:10:00,PT24H40M,1,3815.42,GBP,AI,ECONOMY
114,28,AIR INDIA LTD.,0,DEL,SYD,2023-07-27T14:05:00,2023-07-28T07:10:00,PT24H40M,1,3815.42,GBP,AI,ECONOMY
115,29,AIR INDIA LTD.,0,SYD,DEL,2023-03-15T10:15:00,2023-03-15T17:40:00,PT43H40M,1,3815.42,GBP,AI,ECONOMY
116,29,AIR INDIA LTD.,0,DEL,LHR,2023-03-16T15:00:00,2023-03-16T18:55:00,PT43H40M,1,3815.42,GBP,AI,ECONOMY
117,29,AIR INDIA LTD.,0,LHR,DEL,2023-07-26T08:45:00,2023-07-26T22:25:00,PT37H25M,1,3815.42,GBP,AI,ECONOMY
118,29,AIR INDIA LTD.,0,DEL,SYD,2023-07-27T14:05:00,2023-07-28T07:10:00,PT37H25M,1,3815.42,GBP,AI,ECONOMY
119,30,LUFTHANSA CARGO AG.,0,SYD,SFO,2023-03-15T13:00:00,2023-03-15T08:50:00,PT29H30M,1,3861.02,GBP,LH,ECONOMY
120,30,LUFTHANSA CARGO AG.,0,SFO,LHR,2023-03-15T13:50:00,2023-03-16T07:30:00,PT29H30M,1,3861.02,GBP,LH,ECONOMY
121,30,LUFTHANSA CARGO AG.,0,LHR,SFO,2023-07-26T10:25:00,2023-07-26T13:30:00,PT35H35M,1,3861.02,GBP,LH,ECONOMY
122,30,LUFTHANSA CARGO AG.,0,SFO,SYD,2023-07-26T22:55:00,2023-07-28T07:00:00,PT35H35M,1,3861.02,GBP,LH,ECONOMY
123,31,JAPAN AIRLINES CO. LTD,0,SYD,HND,2023-03-15T09:15:00,2023-03-15T17:15:00,PT41H10M,1,3868.62,GBP,JL,PREMIUM_ECONOMY
124,31,JAPAN AIRLINES CO. LTD,0,HND,LHR,2023-03-16T09:45:00,2023-03-16T15:25:00,PT41H10M,1,3868.62,GBP,JL,PREMIUM_ECONOMY
125,31,JAPAN AIRLINES CO. LTD,0,LHR,HND,2023-07-26T19:20:00,2023-07-27T15:15:00,PT26H5M,1,3868.62,GBP,JL,PREMIUM_ECONOMY
126,31,JAPAN AIRLINES CO. LTD,0,HND,SYD,2023-07-27T19:20:00,2023-07-28T06:25:00,PT26H5M,1,3868.62,GBP,JL,PREMIUM_ECONOMY
127,32,LUFTHANSA CARGO AG.,0,SYD,SIN,2023-03-15T16:10:00,2023-03-15T21:20:00,PT26H55M,1,3917.02,GBP,LH,ECONOMY
128,32,LUFTHANSA CARGO AG.,0,SIN,MUC,2023-03-15T23:55:00,2023-03-16T05:55:00,PT26H55M,1,3917.02,GBP,LH,ECONOMY
129,32,LUFTHANSA CARGO AG.,0,MUC,LHR,2023-03-16T07:00:00,2023-03-16T08:05:00,PT26H55M,1,3917.02,GBP,LH,ECONOMY
130,32,LUFTHANSA CARGO AG.,0,LHR,SFO,2023-07-26T14:10:00,2023-07-26T17:15:00,PT31H50M,1,3917.02,GBP,LH,ECONOMY
131,32,LUFTHANSA CARGO AG.,0,SFO,SYD,2023-07-26T22:55:00,2023-07-28T07:00:00,PT31H50M,1,3917.02,GBP,LH,ECONOMY
132,33,LUFTHANSA CARGO AG.,0,SYD,SIN,2023-03-15T16:10:00,2023-03-15T21:20:00,PT26H55M,1,3917.02,GBP,LH,ECONOMY
133,33,LUFTHANSA CARGO AG.,0,SIN,MUC,2023-03-15T23:55:00,2023-03-16T05:55:00,PT26H55M,1,3917.02,GBP,LH,ECONOMY
134,33,LUFTHANSA CARGO AG.,0,MUC,LHR,2023-03-16T07:00:00,2023-03-16T08:05:00,PT26H55M,1,3917.02,GBP,LH,ECONOMY
135,33,LUFTHANSA CARGO AG.,0,LHR,SFO,2023-07-26T12:20:00,2023-07-26T15:25:00,PT33H40M,1,3917.02,GBP,LH,ECONOMY
136,33,LUFTHANSA CARGO AG.,0,SFO,SYD,2023-07-26T22:55:00,2023-07-28T07:00:00,PT33H40M,1,3917.02,GBP,LH,ECONOMY
137,34,LUFTHANSA CARGO AG.,0,SYD,SIN,2023-03-15T16:10:00,2023-03-15T21:20:00,PT29H15M,1,3917.02,GBP,LH,ECONOMY
138,34,LUFTHANSA CARGO AG.,0,SIN,MUC,2023-03-15T23:55:00,2023-03-16T05:55:00,PT29H15M,1,3917.02,GBP,LH,ECONOMY
139,34,LUFTHANSA CARGO AG.,0,MUC,LHR,2023-03-16T09:20:00,2023-03-16T10:25:00,PT29H15M,1,3917.02,GBP,LH,ECONOMY
140,34,LUFTHANSA CARGO AG.,0,LHR,SFO,2023-07-26T14:10:00,2023-07-26T17:15:00,PT31H50M,1,3917.02,GBP,LH,ECONOMY
141,34,LUFTHANSA CARGO AG.,0,SFO,SYD,2023-07-26T22:55:00,2023-07-28T07:00:00,PT31H50M,1,3917.02,GBP,LH,ECONOMY
142,35,LUFTHANSA CARGO AG.,0,SYD,SIN,2023-03-15T16:10:00,2023-03-15T21:20:00,PT29H15M,1,3917.02,GBP,LH,ECONOMY
143,35,LUFTHANSA CARGO AG.,0,SIN,MUC,2023-03-15T23:55:00,2023-03-16T05:55:00,PT29H15M,1,3917.02,GBP,LH,ECONOMY
144,35,LUFTHANSA CARGO AG.,0,MUC,LHR,2023-03-16T09:20:00,2023-03-16T10:25:00,PT29H15M,1,3917.02,GBP,LH,ECONOMY
145,35,LUFTHANSA CARGO AG.,0,LHR,SFO,2023-07-26T12:20:00,2023-07-26T15:25:00,PT33H40M,1,3917.02,GBP,LH,ECONOMY
146,35,LUFTHANSA CARGO AG.,0,SFO,SYD,2023-07-26T22:55:00,2023-07-28T07:00:00,PT33H40M,1,3917.02,GBP,LH,ECONOMY
147,36,LUFTHANSA CARGO AG.,0,SYD,SIN,2023-03-15T16:10:00,2023-03-15T21:20:00,PT31H50M,1,3917.02,GBP,LH,ECONOMY
148,36,LUFTHANSA CARGO AG.,0,SIN,MUC,2023-03-15T23:55:00,2023-03-16T05:55:00,PT31H50M,1,3917.02,GBP,LH,ECONOMY
149,36,LUFTHANSA CARGO AG.,0,MUC,LHR,2023-03-16T11:55:00,2023-03-16T13:00:00,PT31H50M,1,3917.02,GBP,LH,ECONOMY
150,36,LUFTHANSA CARGO AG.,0,LHR,SFO,2023-07-26T14:10:00,2023-07-26T17:15:00,PT31H50M,1,3917.02,GBP,LH,ECONOMY
151,36,LUFTHANSA CARGO AG.,0,SFO,SYD,2023-07-26T22:55:00,2023-07-28T07:00:00,PT31H50M,1,3917.02,GBP,LH,ECONOMY
152,37,LUFTHANSA CARGO AG.,0,SYD,SIN,2023-03-15T16:10:00,2023-03-15T21:20:00,PT31H50M,1,3917.02,GBP,LH,ECONOMY
153,37,LUFTHANSA CARGO AG.,0,SIN,MUC,2023-03-15T23:55:00,2023-03-16T05:55:00,PT31H50M,1,3917.02,GBP,LH,ECONOMY
154,37,LUFTHANSA CARGO AG.,0,MUC,LHR,2023-03-16T11:55:00,2023-03-16T13:00:00,PT31H50M,1,3917.02,GBP,LH,ECONOMY
155,37,LUFTHANSA CARGO AG.,0,LHR,SFO,2023-07-26T12:20:00,2023-07-26T15:25:00,PT33H40M,1,3917.02,GBP,LH,ECONOMY
156,37,LUFTHANSA CARGO AG.,0,SFO,SYD,2023-07-26T22:55:00,2023-07-28T07:00:00,PT33H40M,1,3917.02,GBP,LH,ECONOMY
157,38,LUFTHANSA CARGO AG.,0,SYD,SIN,2023-03-15T16:10:00,2023-03-15T21:20:00,PT26H35M,1,3946.02,GBP,LH,ECONOMY
158,38,LUFTHANSA CARGO AG.,0,SIN,FRA,2023-03-15T23:55:00,2023-03-16T06:00:00,PT26H35M,1,3946.02,GBP,LH,ECONOMY
159,38,LUFTHANSA CARGO AG.,0,FRA,LHR,2023-03-16T07:00:00,2023-03-16T07:45:00,PT26H35M,1,3946.02,GBP,LH,ECONOMY
160,38,LUFTHANSA CARGO AG.,0,LHR,SFO,2023-07-26T14:10:00,2023-07-26T17:15:00,PT31H50M,1,3946.02,GBP,LH,ECONOMY
161,38,LUFTHANSA CARGO AG.,0,SFO,SYD,2023-07-26T22:55:00,2023-07-28T07:00:00,PT31H50M,1,3946.02,GBP,LH,ECONOMY
162,39,LUFTHANSA CARGO AG.,0,SYD,SIN,2023-03-15T16:10:00,2023-03-15T21:20:00,PT27H35M,1,3946.02,GBP,LH,ECONOMY
163,39,LUFTHANSA CARGO AG.,0,SIN,FRA,2023-03-15T23:55:00,2023-03-16T06:00:00,PT27H35M,1,3946.02,GBP,LH,ECONOMY
164,39,LUFTHANSA CARGO AG.,0,FRA,LHR,2023-03-16T08:00:00,2023-03-16T08:45:00,PT27H35M,1,3946.02,GBP,LH,ECONOMY
165,39,LUFTHANSA CARGO AG.,0,LHR,SFO,2023-07-26T14:10:00,2023-07-26T17:15:00,PT31H50M,1,3946.02,GBP,LH,ECONOMY
166,39,LUFTHANSA CARGO AG.,0,SFO,SYD,2023-07-26T22:55:00,2023-07-28T07:00:00,PT31H50M,1,3946.02,GBP,LH,ECONOMY
167,40,LUFTHANSA CARGO AG.,0,SYD,SIN,2023-03-15T16:10:00,2023-03-15T21:20:00,PT26H35M,1,3946.02,GBP,LH,ECONOMY
168,40,LUFTHANSA CARGO AG.,0,SIN,FRA,2023-03-15T23:55:00,2023-03-16T06:00:00,PT26H35M,1,3946.02,GBP,LH,ECONOMY
169,40,LUFTHANSA CARGO AG.,0,FRA,LHR,2023-03-16T07:00:00,2023-03-16T07:45:00,PT26H35M,1,3946.02,GBP,LH,ECONOMY
170,40,LUFTHANSA CARGO AG.,0,LHR,SFO,2023-07-26T12:20:00,2023-07-26T15:25:00,PT33H40M,1,3946.02,GBP,LH,ECONOMY
171,40,LUFTHANSA CARGO AG.,0,SFO,SYD,2023-07-26T22:55:00,2023-07-28T07:00:00,PT33H40M,1,3946.02,GBP,LH,ECONOMY
172,41,LUFTHANSA CARGO AG.,0,SYD,SIN,2023-03-15T16:10:00,2023-03-15T21:20:00,PT28H35M,1,3946.02,GBP,LH,ECONOMY
173,41,LUFTHANSA CARGO AG.,0,SIN,FRA,2023-03-15T23:55:00,2023-03-16T06:00:00,PT28H35M,1,3946.02,GBP,LH,ECONOMY
174,41,LUFTHANSA CARGO AG.,0,FRA,LHR,2023-03-16T09:00:00,2023-03-16T09:45:00,PT28H35M,1,3946.02,GBP,LH,ECONOMY
175,41,LUFTHANSA CARGO AG.,0,LHR,SFO,2023-07-26T14:10:00,2023-07-26T17:15:00,PT31H50M,1,3946.02,GBP,LH,ECONOMY
176,41,LUFTHANSA CARGO AG.,0,SFO,SYD,2023-07-26T22:55:00,2023-07-28T07:00:00,PT31H50M,1,3946.02,GBP,LH,ECONOMY
177,42,LUFTHANSA CARGO AG.,0,SYD,SIN,2023-03-15T16:10:00,2023-03-15T21:20:00,PT27H35M,1,3946.02,GBP,LH,ECONOMY
178,42,LUFTHANSA CARGO AG.,0,SIN,FRA,2023-03-15T23:55:00,2023-03-16T06:00:00,PT27H35M,1,3946.02,GBP,LH,ECONOMY
179,42,LUFTHANSA CARGO AG.,0,FRA,LHR,2023-03-16T08:00:00,2023-03-16T08:45:00,PT27H35M,1,3946.02,GBP,LH,ECONOMY
180,42,LUFTHANSA CARGO AG.,0,LHR,SFO,2023-07-26T12:20:00,2023-07-26T15:25:00,PT33H40M,1,3946.02,GBP,LH,ECONOMY
181,42,LUFTHANSA CARGO AG.,0,SFO,SYD,2023-07-26T22:55:00,2023-07-28T07:00:00,PT33H40M,1,3946.02,GBP,LH,ECONOMY
182,43,LUFTHANSA CARGO AG.,0,SYD,SIN,2023-03-15T16:10:00,2023-03-15T21:20:00,PT29H35M,1,3946.02,GBP,LH,ECONOMY
183,43,LUFTHANSA CARGO AG.,0,SIN,FRA,2023-03-15T23:55:00,2023-03-16T06:00:00,PT29H35M,1,3946.02,GBP,LH,ECONOMY
184,43,LUFTHANSA CARGO AG.,0,FRA,LHR,2023-03-16T10:00:00,2023-03-16T10:45:00,PT29H35M,1,3946.02,GBP,LH,ECONOMY
185,43,LUFTHANSA CARGO AG.,0,LHR,SFO,2023-07-26T14:10:00,2023-07-26T17:15:00,PT31H50M,1,3946.02,GBP,LH,ECONOMY
186,43,LUFTHANSA CARGO AG.,0,SFO,SYD,2023-07-26T22:55:00,2023-07-28T07:00:00,PT31H50M,1,3946.02,GBP,LH,ECONOMY
187,44,LUFTHANSA CARGO AG.,0,SYD,SIN,2023-03-15T16:10:00,2023-03-15T21:20:00,PT28H35M,1,3946.02,GBP,LH,ECONOMY
188,44,LUFTHANSA CARGO AG.,0,SIN,FRA,2023-03-15T23:55:00,2023-03-16T06:00:00,PT28H35M,1,3946.02,GBP,LH,ECONOMY
189,44,LUFTHANSA CARGO AG.,0,FRA,LHR,2023-03-16T09:00:00,2023-03-16T09:45:00,PT28H35M,1,3946.02,GBP,LH,ECONOMY
190,44,LUFTHANSA CARGO AG.,0,LHR,SFO,2023-07-26T12:20:00,2023-07-26T15:25:00,PT33H40M,1,3946.02,GBP,LH,ECONOMY
191,44,LUFTHANSA CARGO AG.,0,SFO,SYD,2023-07-26T22:55:00,2023-07-28T07:00:00,PT33H40M,1,3946.02,GBP,LH,ECONOMY
192,45,LUFTHANSA CARGO AG.,0,SYD,SIN,2023-03-15T16:10:00,2023-03-15T21:20:00,PT29H35M,1,3946.02,GBP,LH,ECONOMY
193,45,LUFTHANSA CARGO AG.,0,SIN,FRA,2023-03-15T23:55:00,2023-03-16T06:00:00,PT29H35M,1,3946.02,GBP,LH,ECONOMY
194,45,LUFTHANSA CARGO AG.,0,FRA,LHR,2023-03-16T10:00:00,2023-03-16T10:45:00,PT29H35M,1,3946.02,GBP,LH,ECONOMY
195,45,LUFTHANSA CARGO AG.,0,LHR,SFO,2023-07-26T12:20:00,2023-07-26T15:25:00,PT33H40M,1,3946.02,GBP,LH,ECONOMY
196,45,LUFTHANSA CARGO AG.,0,SFO,SYD,2023-07-26T22:55:00,2023-07-28T07:00:00,PT33H40M,1,3946.02,GBP,LH,ECONOMY
197,46,LUFTHANSA CARGO AG.,0,SYD,SFO,2023-03-15T13:00:00,2023-03-15T08:50:00,PT29H30M,1,4205.02,GBP,LH,ECONOMY
198,46,LUFTHANSA CARGO AG.,0,SFO,LHR,2023-03-15T13:50:00,2023-03-16T07:30:00,PT29H30M,1,4205.02,GBP,LH,ECONOMY
199,46,LUFTHANSA CARGO AG.,0,LHR,SFO,2023-07-26T14:10:00,2023-07-26T17:15:00,PT31H50M,1,4205.02,GBP,LH,ECONOMY
200,46,LUFTHANSA CARGO AG.,0,SFO,SYD,2023-07-26T22:55:00,2023-07-28T07:00:00,PT31H50M,1,4205.02,GBP,LH,ECONOMY
201,47,LUFTHANSA CARGO AG.,0,SYD,SFO,2023-03-15T13:00:00,2023-03-15T08:50:00,PT29H30M,1,4205.02,GBP,LH,ECONOMY
202,47,LUFTHANSA CARGO AG.,0,SFO,LHR,2023-03-15T13:50:00,2023-03-16T07:30:00,PT29H30M,1,4205.02,GBP,LH,ECONOMY
203,47,LUFTHANSA CARGO AG.,0,LHR,SFO,2023-07-26T12:20:00,2023-07-26T15:25:00,PT33H40M,1,4205.02,GBP,LH,ECONOMY
204,47,LUFTHANSA CARGO AG.,0,SFO,SYD,2023-07-26T22:55:00,2023-07-28T07:00:00,PT33H40M,1,4205.02,GBP,LH,ECONOMY
205,48,LUFTHANSA CARGO AG.,0,SYD,SFO,2023-03-15T13:00:00,2023-03-15T08:50:00,PT35H35M,1,4349.02,GBP,LH,ECONOMY
206,48,LUFTHANSA CARGO AG.,0,SFO,LHR,2023-03-15T20:05:00,2023-03-16T13:35:00,PT35H35M,1,4349.02,GBP,LH,ECONOMY
207,48,LUFTHANSA CARGO AG.,0,LHR,SFO,2023-07-26T10:25:00,2023-07-26T13:30:00,PT35H35M,1,4349.02,GBP,LH,ECONOMY
208,48,LUFTHANSA CARGO AG.,0,SFO,SYD,2023-07-26T22:55:00,2023-07-28T07:00:00,PT35H35M,1,4349.02,GBP,LH,ECONOMY
209,49,UNKNOWN,1,SYD,LHR,2023-03-15T18:15:00,2023-03-16T06:25:00,PT23H10M,1,4488.42,GBP,6X,ECONOMY
210,49,UNKNOWN,0,LHR,SYD,2023-07-26T20:00:00,2023-07-27T22:00:00,PT15H,1,4488.42,GBP,6X,ECONOMY
211,50,UNKNOWN,1,SYD,LHR,2023-03-15T18:15:00,2023-03-16T06:25:00,PT23H10M,1,4488.42,GBP,6X,ECONOMY
212,50,UNKNOWN,0,LHR,SYD,2023-07-26T20:00:00,2023-07-27T22:00:00,PT15H,1,4488.42,GBP,6X,ECONOMY
213,51,UNKNOWN,1,SYD,LHR,2023-03-15T18:15:00,2023-03-16T06:25:00,PT23H10M,1,4488.42,GBP,6X,ECONOMY
214,51,UNKNOWN,0,LHR,SYD,2023-07-26T20:00:00,2023-07-27T22:00:00,PT15H,1,4488.42,GBP,6X,ECONOMY
215,52,UNKNOWN,1,SYD,LHR,2023-03-15T18:15:00,2023-03-16T06:25:00,PT23H10M,1,4488.42,GBP,6X,ECONOMY
216,52,UNKNOWN,0,LHR,SYD,2023-07-26T20:00:00,2023-07-27T22:00:00,PT15H,1,4488.42,GBP,6X,ECONOMY
217,53,UNKNOWN,1,SYD,LHR,2023-03-15T18:15:00,2023-03-16T06:25:00,PT23H10M,1,4488.42,GBP,6X,ECONOMY
218,53,UNKNOWN,0,LHR,SYD,2023-07-26T20:00:00,2023-07-27T22:00:00,PT15H,1,4488.42,GBP,6X,ECONOMY
219,54,UNKNOWN,1,SYD,LHR,2023-03-15T18:15:00,2023-03-16T06:25:00,PT23H10M,1,4488.42,GBP,6X,ECONOMY
220,54,UNKNOWN,0,LHR,SYD,2023-07-26T20:00:00,2023-07-27T22:00:00,PT15H,1,4488.42,GBP,6X,ECONOMY
221,55,UNKNOWN,1,SYD,LHR,2023-03-15T17:00:00,2023-03-16T05:40:00,PT23H40M,1,4488.42,GBP,6X,ECONOMY
222,55,UNKNOWN,0,LHR,SYD,2023-07-26T20:00:00,2023-07-27T22:00:00,PT15H,1,4488.42,GBP,6X,ECONOMY
223,56,UNKNOWN,1,SYD,LHR,2023-03-15T18:15:00,2023-03-16T06:25:00,PT23H10M,1,4488.42,GBP,6X,ECONOMY
224,56,UNKNOWN,0,LHR,SYD,2023-07-26T09:00:00,2023-07-27T15:00:00,PT19H,1,4488.42,GBP,6X,ECONOMY
225,57,UNKNOWN,1,SYD,LHR,2023-03-15T18:15:00,2023-03-16T06:25:00,PT23H10M,1,4488.42,GBP,6X,ECONOMY
226,57,UNKNOWN,0,LHR,SYD,2023-07-26T09:00:00,2023-07-27T15:00:00,PT19H,1,4488.42,GBP,6X,ECONOMY
227,58,UNKNOWN,1,SYD,LHR,2023-03-15T18:15:00,2023-03-16T06:25:00,PT23H10M,1,4488.42,GBP,6X,ECONOMY
228,58,UNKNOWN,0,LHR,SYD,2023-07-26T09:00:00,2023-07-27T15:00:00,PT19H,1,4488.42,GBP,6X,ECONOMY
229,59,UNKNOWN,1,SYD,LHR,2023-03-15T18:15:00,2023-03-16T06:25:00,PT23H10M,1,4488.42,GBP,6X,ECONOMY
230,59,UNKNOWN,0,LHR,SYD,2023-07-26T09:00:00,2023-07-27T15:00:00,PT19H,1,4488.42,GBP,6X,ECONOMY
231,60,UNKNOWN,1,SYD,LHR,2023-03-15T18:15:00,2023-03-16T06:25:00,PT23H10M,1,4488.42,GBP,6X,ECONOMY
232,60,UNKNOWN,0,LHR,SYD,2023-07-26T09:00:00,2023-07-27T15:00:00,PT19H,1,4488.42,GBP,6X,ECONOMY
233,61,UNKNOWN,1,SYD,LHR,2023-03-15T18:15:00,2023-03-16T06:25:00,PT23H10M,1,4488.42,GBP,6X,ECONOMY
234,61,UNKNOWN,0,LHR,SYD,2023-07-26T09:00:00,2023-07-27T15:00:00,PT19H,1,4488.42,GBP,6X,ECONOMY
235,62,UNKNOWN,1,SYD,LHR,2023-03-15T17:00:00,2023-03-16T05:40:00,PT23H40M,1,4488.42,GBP,6X,ECONOMY
236,62,UNKNOWN,0,LHR,SYD,2023-07-26T09:00:00,2023-07-27T15:00:00,PT19H,1,4488.42,GBP,6X,ECONOMY
237,63,UNKNOWN,1,SYD,LHR,2023-03-15T18:15:00,2023-03-16T06:25:00,PT23H10M,1,4488.42,GBP,6X,ECONOMY
238,63,UNKNOWN,0,LHR,SYD,2023-07-26T17:00:00,2023-07-28T00:30:00,PT20H30M,1,4488.42,GBP,6X,ECONOMY
239,64,UNKNOWN,1,SYD,LHR,2023-03-15T18:15:00,2023-03-16T06:25:00,PT23H10M,1,4488.42,GBP,6X,ECONOMY
240,64,UNKNOWN,0,LHR,SYD,2023-07-26T17:00:00,2023-07-28T00:30:00,PT20H30M,1,4488.42,GBP,6X,ECONOMY
241,65,UNKNOWN,1,SYD,LHR,2023-03-15T18:15:00,2023-03-16T06:25:00,PT23H10M,1,4488.42,GBP,6X,ECONOMY
242,65,UNKNOWN,0,LHR,SYD,2023-07-26T17:00:00,2023-07-28T00:30:00,PT20H30M,1,4488.42,GBP,6X,ECONOMY
243,66,UNKNOWN,1,SYD,LHR,2023-03-15T18:15:00,2023-03-16T06:25:00,PT23H10M,1,4488.42,GBP,6X,ECONOMY
244,66,UNKNOWN,0,LHR,SYD,2023-07-26T17:00:00,2023-07-28T00:30:00,PT20H30M,1,4488.42,GBP,6X,ECONOMY
245,67,UNKNOWN,1,SYD,LHR,2023-03-15T18:15:00,2023-03-16T06:25:00,PT23H10M,1,4488.42,GBP,6X,ECONOMY
246,67,UNKNOWN,0,LHR,SYD,2023-07-26T17:00:00,2023-07-28T00:30:00,PT20H30M,1,4488.42,GBP,6X,ECONOMY
247,68,UNKNOWN,1,SYD,LHR,2023-03-15T18:15:00,2023-03-16T06:25:00,PT23H10M,1,4488.42,GBP,6X,ECONOMY
248,68,UNKNOWN,0,LHR,SYD,2023-07-26T17:00:00,2023-07-28T00:30:00,PT20H30M,1,4488.42,GBP,6X,ECONOMY
249,69,UNKNOWN,1,SYD,LHR,2023-03-15T17:00:00,2023-03-16T05:40:00,PT23H40M,1,4488.42,GBP,6X,ECONOMY
250,69,UNKNOWN,0,LHR,SYD,2023-07-26T17:00:00,2023-07-28T00:30:00,PT20H30M,1,4488.42,GBP,6X,ECONOMY
251,70,UNKNOWN,0,SYD,BKK,2023-03-15T18:15:00,2023-03-15T23:15:00,PT22H10M,1,4489.22,GBP,6X,ECONOMY
252,70,UNKNOWN,0,BKK,LHR,2023-03-16T00:35:00,2023-03-16T06:25:00,PT22H10M,1,4489.22,GBP,6X,ECONOMY
253,70,UNKNOWN,0,LHR,SYD,2023-07-26T20:00:00,2023-07-27T22:00:00,PT15H,1,4489.22,GBP,6X,ECONOMY
254,71,UNKNOWN,0,SYD,BKK,2023-03-15T18:15:00,2023-03-15T23:15:00,PT22H10M,1,4489.22,GBP,6X,ECONOMY
255,71,UNKNOWN,0,BKK,LHR,2023-03-16T00:35:00,2023-03-16T06:25:00,PT22H10M,1,4489.22,GBP,6X,ECONOMY
256,71,UNKNOWN,0,LHR,SYD,2023-07-26T20:00:00,2023-07-27T22:00:00,PT15H,1,4489.22,GBP,6X,ECONOMY
257,72,UNKNOWN,0,SYD,BKK,2023-03-15T18:15:00,2023-03-15T23:15:00,PT22H10M,1,4489.22,GBP,6X,ECONOMY
258,72,UNKNOWN,0,BKK,LHR,2023-03-16T00:35:00,2023-03-16T06:25:00,PT22H10M,1,4489.22,GBP,6X,ECONOMY
259,72,UNKNOWN,0,LHR,SYD,2023-07-26T20:00:00,2023-07-27T22:00:00,PT15H,1,4489.22,GBP,6X,ECONOMY
260,73,UNKNOWN,0,SYD,BKK,2023-03-15T18:15:00,2023-03-15T23:15:00,PT22H10M,1,4489.22,GBP,6X,ECONOMY
261,73,UNKNOWN,0,BKK,LHR,2023-03-16T00:35:00,2023-03-16T06:25:00,PT22H10M,1,4489.22,GBP,6X,ECONOMY
262,73,UNKNOWN,0,LHR,SYD,2023-07-26T20:00:00,2023-07-27T22:00:00,PT15H,1,4489.22,GBP,6X,ECONOMY
263,74,UNKNOWN,0,SYD,BKK,2023-03-15T18:15:00,2023-03-15T23:15:00,PT22H10M,1,4489.22,GBP,6X,ECONOMY
264,74,UNKNOWN,0,BKK,LHR,2023-03-16T00:35:00,2023-03-16T06:25:00,PT22H10M,1,4489.22,GBP,6X,ECONOMY
265,74,UNKNOWN,0,LHR,SYD,2023-07-26T20:00:00,2023-07-27T22:00:00,PT15H,1,4489.22,GBP,6X,ECONOMY
266,75,UNKNOWN,0,SYD,BKK,2023-03-15T18:15:00,2023-03-15T23:15:00,PT22H10M,1,4489.22,GBP,6X,ECONOMY
267,75,UNKNOWN,0,BKK,LHR,2023-03-16T00:35:00,2023-03-16T06:25:00,PT22H10M,1,4489.22,GBP,6X,ECONOMY
268,75,UNKNOWN,0,LHR,SYD,2023-07-26T20:00:00,2023-07-27T22:00:00,PT15H,1,4489.22,GBP,6X,ECONOMY
269,76,UNKNOWN,1,SYD,LHR,2023-03-15T18:15:00,2023-03-16T06:25:00,PT23H10M,1,4490.22,GBP,6X,ECONOMY
270,76,UNKNOWN,2,LHR,SYD,2023-07-26T13:00:00,2023-07-27T19:30:00,PT19H30M,1,4490.22,GBP,6X,ECONOMY
271,77,UNKNOWN,1,SYD,LHR,2023-03-15T18:15:00,2023-03-16T06:25:00,PT23H10M,1,4490.22,GBP,6X,ECONOMY
272,77,UNKNOWN,2,LHR,SYD,2023-07-26T13:00:00,2023-07-27T19:30:00,PT19H30M,1,4490.22,GBP,6X,ECONOMY
273,78,UNKNOWN,1,SYD,LHR,2023-03-15T17:00:00,2023-03-16T05:40:00,PT23H40M,1,4490.22,GBP,6X,ECONOMY
274,78,UNKNOWN,2,LHR,SYD,2023-07-26T13:00:00,2023-07-27T19:30:00,PT19H30M,1,4490.22,GBP,6X,ECONOMY
275,79,UNKNOWN,1,SYD,LHR,2023-03-15T22:15:00,2023-03-16T10:35:00,PT23H20M,1,4497.82,GBP,6X,ECONOMY
276,79,UNKNOWN,0,LHR,SYD,2023-07-26T20:00:00,2023-07-27T22:00:00,PT15H,1,4497.82,GBP,6X,ECONOMY
277,80,UNKNOWN,1,SYD,LHR,2023-03-15T16:20:00,2023-03-16T04:55:00,PT23H35M,1,4497.82,GBP,6X,ECONOMY
278,80,UNKNOWN,0,LHR,SYD,2023-07-26T20:00:00,2023-07-27T22:00:00,PT15H,1,4497.82,GBP,6X,ECONOMY
279,81,UNKNOWN,1,SYD,LHR,2023-03-15T16:35:00,2023-03-16T05:30:00,PT23H55M,1,4497.82,GBP,6X,ECONOMY
280,81,UNKNOWN,0,LHR,SYD,2023-07-26T20:00:00,2023-07-27T22:00:00,PT15H,1,4497.82,GBP,6X,ECONOMY
281,82,UNKNOWN,1,SYD,LHR,2023-03-15T16:35:00,2023-03-16T05:30:00,PT23H55M,1,4497.82,GBP,6X,ECONOMY
282,82,UNKNOWN,0,LHR,SYD,2023-07-26T20:00:00,2023-07-27T22:00:00,PT15H,1,4497.82,GBP,6X,ECONOMY
283,83,UNKNOWN,1,SYD,LHR,2023-03-15T16:35:00,2023-03-16T05:30:00,PT23H55M,1,4497.82,GBP,6X,ECONOMY
284,83,UNKNOWN,0,LHR,SYD,2023-07-26T20:00:00,2023-07-27T22:00:00,PT15H,1,4497.82,GBP,6X,ECONOMY
285,84,UNKNOWN,1,SYD,LHR,2023-03-15T16:35:00,2023-03-16T05:30:00,PT23H55M,1,4497.82,GBP,6X,ECONOMY
286,84,UNKNOWN,0,LHR,SYD,2023-07-26T20:00:00,2023-07-27T22:00:00,PT15H,1,4497.82,GBP,6X,ECONOMY
287,85,UNKNOWN,1,SYD,LHR,2023-03-15T16:35:00,2023-03-16T05:30:00,PT23H55M,1,4497.82,GBP,6X,ECONOMY
288,85,UNKNOWN,0,LHR,SYD,2023-07-26T20:00:00,2023-07-27T22:00:00,PT15H,1,4497.82,GBP,6X,ECONOMY
289,86,UNKNOWN,1,SYD,LHR,2023-03-15T22:15:00,2023-03-16T10:35:00,PT23H20M,1,4497.82,GBP,6X,ECONOMY
290,86,UNKNOWN,0,LHR,SYD,2023-07-26T09:00:00,2023-07-27T15:00:00,PT19H,1,4497.82,GBP,6X,ECONOMY
291,87,UNKNOWN,1,SYD,LHR,2023-03-15T16:20:00,2023-03-16T04:55:00,PT23H35M,1,4497.82,GBP,6X,ECONOMY
292,87,UNKNOWN,0,LHR,SYD,2023-07-26T09:00:00,2023-07-27T15:00:00,PT19H,1,4497.82,GBP,6X,ECONOMY
293,88,UNKNOWN,1,SYD,LHR,2023-03-15T16:35:00,2023-03-16T05:30:00,PT23H55M,1,4497.82,GBP,6X,ECONOMY
294,88,UNKNOWN,0,LHR,SYD,2023-07-26T09:00:00,2023-07-27T15:00:00,PT19H,1,4497.82,GBP,6X,ECONOMY
295,89,UNKNOWN,1,SYD,LHR,2023-03-15T16:35:00,2023-03-16T05:30:00,PT23H55M,1,4497.82,GBP,6X,ECONOMY
296,89,UNKNOWN,0,LHR,SYD,2023-07-26T09:00:00,2023-07-27T15:00:00,PT19H,1,4497.82,GBP,6X,ECONOMY
297,90,UNKNOWN,1,SYD,LHR,2023-03-15T16:35:00,2023-03-16T05:30:00,PT23H55M,1,4497.82,GBP,6X,ECONOMY
298,90,UNKNOWN,0,LHR,SYD,2023-07-26T09:00:00,2023-07-27T15:00:00,PT19H,1,4497.82,GBP,6X,ECONOMY
299,91,UNKNOWN,1,SYD,LHR,2023-03-15T16:35:00,2023-03-16T05:30:00,PT23H55M,1,4497.82,GBP,6X,ECONOMY
300,91,UNKNOWN,0,LHR,SYD,2023-07-26T09:00:00,2023-07-27T15:00:00,PT19H,1,4497.82,GBP,6X,ECONOMY
301,92,UNKNOWN,1,SYD,LHR,2023-03-15T16:35:00,2023-03-16T05:30:00,PT23H55M,1,4497.82,GBP,6X,ECONOMY
302,92,UNKNOWN,0,LHR,SYD,2023-07-26T09:00:00,2023-07-27T15:00:00,PT19H,1,4497.82,GBP,6X,ECONOMY
303,93,UNKNOWN,1,SYD,LHR,2023-03-15T22:15:00,2023-03-16T10:35:00,PT23H20M,1,4497.82,GBP,6X,ECONOMY
304,93,UNKNOWN,0,LHR,SYD,2023-07-26T17:00:00,2023-07-28T00:30:00,PT20H30M,1,4497.82,GBP,6X,ECONOMY
305,94,UNKNOWN,1,SYD,LHR,2023-03-15T16:20:00,2023-03-16T04:55:00,PT23H35M,1,4497.82,GBP,6X,ECONOMY
306,94,UNKNOWN,0,LHR,SYD,2023-07-26T17:00:00,2023-07-28T00:30:00,PT20H30M,1,4497.82,GBP,6X,ECONOMY
307,95,UNKNOWN,1,SYD,LHR,2023-03-15T16:35:00,2023-03-16T05:30:00,PT23H55M,1,4497.82,GBP,6X,ECONOMY
308,95,UNKNOWN,0,LHR,SYD,2023-07-26T17:00:00,2023-07-28T00:30:00,PT20H30M,1,4497.82,GBP,6X,ECONOMY
309,96,UNKNOWN,1,SYD,LHR,2023-03-15T16:35:00,2023-03-16T05:30:00,PT23H55M,1,4497.82,GBP,6X,ECONOMY
310,96,UNKNOWN,0,LHR,SYD,2023-07-26T17:00:00,2023-07-28T00:30:00,PT20H30M,1,4497.82,GBP,6X,ECONOMY
311,97,UNKNOWN,1,SYD,LHR,2023-03-15T16:35:00,2023-03-16T05:30:00,PT23H55M,1,4497.82,GBP,6X,ECONOMY
312,97,UNKNOWN,0,LHR,SYD,2023-07-26T17:00:00,2023-07-28T00:30:00,PT20H30M,1,4497.82,GBP,6X,ECONOMY
313,98,UNKNOWN,1,SYD,LHR,2023-03-15T16:35:00,2023-03-16T05:30:00,PT23H55M,1,4497.82,GBP,6X,ECONOMY
314,98,UNKNOWN,0,LHR,SYD,2023-07-26T17:00:00,2023-07-28T00:30:00,PT20H30M,1,4497.82,GBP,6X,ECONOMY
315,99,UNKNOWN,1,SYD,LHR,2023-03-15T16:35:00,2023-03-16T05:30:00,PT23H55M,1,4497.82,GBP,6X,ECONOMY
316,99,UNKNOWN,0,LHR,SYD,2023-07-26T17:00:00,2023-07-28T00:30:00,PT20H30M,1,4497.82,GBP,6X,ECONOMY
317,100,UNKNOWN,1,SYD,LHR,2023-03-15T18:15:00,2023-03-16T06:25:00,PT23H10M,1,4499.62,GBP,6X,ECONOMY
318,100,UNKNOWN,1,LHR,SYD,2023-07-26T11:30:00,2023-07-27T17:55:00,PT19H25M,1,4499.62,GBP,6X,ECONOMY
319,101,UNKNOWN,1,SYD,LHR,2023-03-15T18:15:00,2023-03-16T06:25:00,PT23H10M,1,4499.62,GBP,6X,ECONOMY
320,101,UNKNOWN,1,LHR,SYD,2023-07-26T11:30:00,2023-07-27T17:55:00,PT19H25M,1,4499.62,GBP,6X,ECONOMY
321,102,UNKNOWN,1,SYD,LHR,2023-03-15T18:15:00,2023-03-16T06:25:00,PT23H10M,1,4499.62,GBP,6X,ECONOMY
322,102,UNKNOWN,1,LHR,SYD,2023-07-26T11:30:00,2023-07-27T17:55:00,PT19H25M,1,4499.62,GBP,6X,ECONOMY
323,103,UNKNOWN,1,SYD,LHR,2023-03-15T18:15:00,2023-03-16T06:25:00,PT23H10M,1,4499.62,GBP,6X,ECONOMY
324,103,UNKNOWN,1,LHR,SYD,2023-07-26T11:30:00,2023-07-27T17:55:00,PT19H25M,1,4499.62,GBP,6X,ECONOMY
325,104,UNKNOWN,1,SYD,LHR,2023-03-15T18:15:00,2023-03-16T06:25:00,PT23H10M,1,4499.62,GBP,6X,ECONOMY
326,104,UNKNOWN,1,LHR,SYD,2023-07-26T11:30:00,2023-07-27T17:55:00,PT19H25M,1,4499.62,GBP,6X,ECONOMY
327,105,UNKNOWN,1,SYD,LHR,2023-03-15T18:15:00,2023-03-16T06:25:00,PT23H10M,1,4499.62,GBP,6X,ECONOMY
328,105,UNKNOWN,1,LHR,SYD,2023-07-26T11:30:00,2023-07-27T17:55:00,PT19H25M,1,4499.62,GBP,6X,ECONOMY
329,106,UNKNOWN,1,SYD,LHR,2023-03-15T17:00:00,2023-03-16T05:40:00,PT23H40M,1,4499.62,GBP,6X,ECONOMY
330,106,UNKNOWN,1,LHR,SYD,2023-07-26T11:30:00,2023-07-27T17:55:00,PT19H25M,1,4499.62,GBP,6X,ECONOMY
331,107,UNKNOWN,1,SYD,LHR,2023-03-15T22:15:00,2023-03-16T10:35:00,PT23H20M,1,4499.62,GBP,6X,ECONOMY
332,107,UNKNOWN,2,LHR,SYD,2023-07-26T13:00:00,2023-07-27T19:30:00,PT19H30M,1,4499.62,GBP,6X,ECONOMY
333,108,UNKNOWN,1,SYD,LHR,2023-03-15T16:20:00,2023-03-16T04:55:00,PT23H35M,1,4499.62,GBP,6X,ECONOMY
334,108,UNKNOWN,2,LHR,SYD,2023-07-26T13:00:00,2023-07-27T19:30:00,PT19H30M,1,4499.62,GBP,6X,ECONOMY
335,109,UNKNOWN,1,SYD,LHR,2023-03-15T16:35:00,2023-03-16T05:30:00,PT23H55M,1,4499.62,GBP,6X,ECONOMY
336,109,UNKNOWN,2,LHR,SYD,2023-07-26T13:00:00,2023-07-27T19:30:00,PT19H30M,1,4499.62,GBP,6X,ECONOMY
337,110,UNKNOWN,0,SYD,BKK,2023-03-15T18:15:00,2023-03-15T23:15:00,PT22H10M,1,4500.42,GBP,6X,ECONOMY
338,110,UNKNOWN,0,BKK,LHR,2023-03-16T00:35:00,2023-03-16T06:25:00,PT22H10M,1,4500.42,GBP,6X,ECONOMY
339,110,UNKNOWN,0,LHR,SIN,2023-07-26T07:00:00,2023-07-26T17:00:00,PT12H20M,1,4500.42,GBP,6X,ECONOMY
340,110,UNKNOWN,0,SIN,SYD,2023-07-26T20:00:00,2023-07-27T06:20:00,PT12H20M,1,4500.42,GBP,6X,ECONOMY
341,111,UNKNOWN,0,SYD,BKK,2023-03-15T18:15:00,2023-03-15T23:15:00,PT22H10M,1,4500.42,GBP,6X,ECONOMY
342,111,UNKNOWN,0,BKK,LHR,2023-03-16T00:35:00,2023-03-16T06:25:00,PT22H10M,1,4500.42,GBP,6X,ECONOMY
343,111,UNKNOWN,0,LHR,SIN,2023-07-26T07:00:00,2023-07-26T17:00:00,PT12H20M,1,4500.42,GBP,6X,ECONOMY
344,111,UNKNOWN,0,SIN,SYD,2023-07-26T20:00:00,2023-07-27T06:20:00,PT12H20M,1,4500.42,GBP,6X,ECONOMY
345,112,UNKNOWN,0,SYD,BKK,2023-03-15T18:15:00,2023-03-15T23:15:00,PT22H10M,1,4500.42,GBP,6X,ECONOMY
346,112,UNKNOWN,0,BKK,LHR,2023-03-16T00:35:00,2023-03-16T06:25:00,PT22H10M,1,4500.42,GBP,6X,ECONOMY
347,112,UNKNOWN,0,LHR,SIN,2023-07-26T07:00:00,2023-07-26T17:00:00,PT12H35M,1,4500.42,GBP,6X,ECONOMY
348,112,UNKNOWN,0,SIN,SYD,2023-07-26T20:05:00,2023-07-27T06:35:00,PT12H35M,1,4500.42,GBP,6X,ECONOMY
349,113,UNKNOWN,0,SYD,BKK,2023-03-15T18:15:00,2023-03-15T23:15:00,PT22H10M,1,4500.42,GBP,6X,ECONOMY
350,113,UNKNOWN,0,BKK,LHR,2023-03-16T00:35:00,2023-03-16T06:25:00,PT22H10M,1,4500.42,GBP,6X,ECONOMY
351,113,UNKNOWN,0,LHR,SIN,2023-07-26T07:00:00,2023-07-26T17:00:00,PT12H35M,1,4500.42,GBP,6X,ECONOMY
352,113,UNKNOWN,0,SIN,SYD,2023-07-26T20:05:00,2023-07-27T06:35:00,PT12H35M,1,4500.42,GBP,6X,ECONOMY
353,114,UNKNOWN,1,SYD,LHR,2023-03-15T22:15:00,2023-03-16T10:35:00,PT23H20M,1,4509.02,GBP,6X,ECONOMY
354,114,UNKNOWN,1,LHR,SYD,2023-07-26T11:30:00,2023-07-27T17:55:00,PT19H25M,1,4509.02,GBP,6X,ECONOMY
355,115,UNKNOWN,1,SYD,LHR,2023-03-15T16:20:00,2023-03-16T04:55:00,PT23H35M,1,4509.02,GBP,6X,ECONOMY
356,115,UNKNOWN,1,LHR,SYD,2023-07-26T11:30:00,2023-07-27T17:55:00,PT19H25M,1,4509.02,GBP,6X,ECONOMY
357,116,UNKNOWN,1,SYD,LHR,2023-03-15T16:35:00,2023-03-16T05:30:00,PT23H55M,1,4509.02,GBP,6X,ECONOMY
358,116,UNKNOWN,1,LHR,SYD,2023-07-26T11:30:00,2023-07-27T17:55:00,PT19H25M,1,4509.02,GBP,6X,ECONOMY
359,117,UNKNOWN,1,SYD,LHR,2023-03-15T16:35:00,2023-03-16T05:30:00,PT23H55M,1,4509.02,GBP,6X,ECONOMY
360,117,UNKNOWN,1,LHR,SYD,2023-07-26T11:30:00,2023-07-27T17:55:00,PT19H25M,1,4509.02,GBP,6X,ECONOMY
361,118,UNKNOWN,1,SYD,LHR,2023-03-15T16:35:00,2023-03-16T05:30:00,PT23H55M,1,4509.02,GBP,6X,ECONOMY
362,118,UNKNOWN,1,LHR,SYD,2023-07-26T11:30:00,2023-07-27T17:55:00,PT19H25M,1,4509.02,GBP,6X,ECONOMY
363,119,UNKNOWN,1,SYD,LHR,2023-03-15T16:35:00,2023-03-16T05:30:00,PT23H55M,1,4509.02,GBP,6X,ECONOMY
364,119,UNKNOWN,1,LHR,SYD,2023-07-26T11:30:00,2023-07-27T17:55:00,PT19H25M,1,4509.02,GBP,6X,ECONOMY
365,120,UNKNOWN,1,SYD,LHR,2023-03-15T16:35:00,2023-03-16T05:30:00,PT23H55M,1,4509.02,GBP,6X,ECONOMY
366,120,UNKNOWN,1,LHR,SYD,2023-07-26T11:30:00,2023-07-27T17:55:00,PT19H25M,1,4509.02,GBP,6X,ECONOMY
367,121,UNKNOWN,3,SYD,LHR,2023-03-15T09:00:00,2023-03-15T18:00:00,PT20H,1,4521.02,GBP,6X,ECONOMY
368,121,UNKNOWN,0,LHR,SYD,2023-07-26T20:00:00,2023-07-27T22:00:00,PT15H,1,4521.02,GBP,6X,ECONOMY
369,122,UNKNOWN,3,SYD,LHR,2023-03-15T09:00:00,2023-03-15T18:00:00,PT20H,1,4521.02,GBP,6X,ECONOMY
370,122,UNKNOWN,0,LHR,SYD,2023-07-26T09:00:00,2023-07-27T15:00:00,PT19H,1,4521.02,GBP,6X,ECONOMY
371,123,UNKNOWN,3,SYD,LHR,2023-03-15T09:00:00,2023-03-15T18:00:00,PT20H,1,4521.02,GBP,6X,ECONOMY
372,123,UNKNOWN,0,LHR,SYD,2023-07-26T17:00:00,2023-07-28T00:30:00,PT20H30M,1,4521.02,GBP,6X,ECONOMY
373,124,UNKNOWN,3,SYD,LHR,2023-03-15T09:00:00,2023-03-15T18:00:00,PT20H,1,4522.82,GBP,6X,ECONOMY
374,124,UNKNOWN,2,LHR,SYD,2023-07-26T13:00:00,2023-07-27T19:30:00,PT19H30M,1,4522.82,GBP,6X,ECONOMY
375,125,UNKNOWN,3,SYD,LHR,2023-03-15T09:00:00,2023-03-15T18:00:00,PT20H,1,4532.22,GBP,6X,ECONOMY
376,125,UNKNOWN,0,LHR,SIN,2023-07-26T07:00:00,2023-07-26T17:00:00,PT12H20M,1,4532.22,GBP,6X,ECONOMY
377,125,UNKNOWN,0,SIN,SYD,2023-07-26T20:00:00,2023-07-27T06:20:00,PT12H20M,1,4532.22,GBP,6X,ECONOMY
378,126,UNKNOWN,3,SYD,LHR,2023-03-15T09:00:00,2023-03-15T18:00:00,PT20H,1,4532.22,GBP,6X,ECONOMY
379,126,UNKNOWN,0,LHR,SIN,2023-07-26T07:00:00,2023-07-26T17:00:00,PT12H35M,1,4532.22,GBP,6X,ECONOMY
380,126,UNKNOWN,0,SIN,SYD,2023-07-26T20:05:00,2023-07-27T06:35:00,PT12H35M,1,4532.22,GBP,6X,ECONOMY
381,127,UNKNOWN,3,SYD,LHR,2023-03-15T09:00:00,2023-03-15T18:00:00,PT20H,1,4532.22,GBP,6X,ECONOMY
382,127,UNKNOWN,1,LHR,SYD,2023-07-26T11:30:00,2023-07-27T17:55:00,PT19H25M,1,4532.22,GBP,6X,ECONOMY
383,128,LUFTHANSA CARGO AG.,0,SYD,SFO,2023-03-15T13:00:00,2023-03-15T08:50:00,PT35H35M,1,4693.02,GBP,LH,ECONOMY
384,128,LUFTHANSA CARGO AG.,0,SFO,LHR,2023-03-15T20:05:00,2023-03-16T13:35:00,PT35H35M,1,4693.02,GBP,LH,ECONOMY
385,128,LUFTHANSA CARGO AG.,0,LHR,SFO,2023-07-26T14:10:00,2023-07-26T17:15:00,PT31H50M,1,4693.02,GBP,LH,ECONOMY
386,128,LUFTHANSA CARGO AG.,0,SFO,SYD,2023-07-26T22:55:00,2023-07-28T07:00:00,PT31H50M,1,4693.02,GBP,LH,ECONOMY
387,129,LUFTHANSA CARGO AG.,0,SYD,SFO,2023-03-15T13:00:00,2023-03-15T08:50:00,PT35H35M,1,4693.02,GBP,LH,ECONOMY
388,129,LUFTHANSA CARGO AG.,0,SFO,LHR,2023-03-15T20:05:00,2023-03-16T13:35:00,PT35H35M,1,4693.02,GBP,LH,ECONOMY
389,129,LUFTHANSA CARGO AG.,0,LHR,SFO,2023-07-26T12:20:00,2023-07-26T15:25:00,PT33H40M,1,4693.02,GBP,LH,ECONOMY
390,129,LUFTHANSA CARGO AG.,0,SFO,SYD,2023-07-26T22:55:00,2023-07-28T07:00:00,PT33H40M,1,4693.02,GBP,LH,ECONOMY
391,130,LUFTHANSA CARGO AG.,0,SYD,SIN,2023-03-15T16:10:00,2023-03-15T21:20:00,PT34H35M,1,4825.02,GBP,LH,ECONOMY
392,130,LUFTHANSA CARGO AG.,0,SIN,MUC,2023-03-15T23:55:00,2023-03-16T05:55:00,PT34H35M,1,4825.02,GBP,LH,ECONOMY
393,130,LUFTHANSA CARGO AG.,0,MUC,LHR,2023-03-16T14:40:00,2023-03-16T15:45:00,PT34H35M,1,4825.02,GBP,LH,ECONOMY
394,130,LUFTHANSA CARGO AG.,0,LHR,SFO,2023-07-26T10:25:00,2023-07-26T13:30:00,PT35H35M,1,4825.02,GBP,LH,ECONOMY
395,130,LUFTHANSA CARGO AG.,0,SFO,SYD,2023-07-26T22:55:00,2023-07-28T07:00:00,PT35H35M,1,4825.02,GBP,LH,ECONOMY
396,131,LUFTHANSA CARGO AG.,0,SYD,SIN,2023-03-15T16:10:00,2023-03-15T21:20:00,PT27H35M,1,4854.02,GBP,LH,ECONOMY
397,131,LUFTHANSA CARGO AG.,0,SIN,FRA,2023-03-15T23:55:00,2023-03-16T06:20:00,PT27H35M,1,4854.02,GBP,LH,ECONOMY
398,131,LUFTHANSA CARGO AG.,0,FRA,LHR,2023-03-16T08:00:00,2023-03-16T08:45:00,PT27H35M,1,4854.02,GBP,LH,ECONOMY
399,131,LUFTHANSA CARGO AG.,0,LHR,SFO,2023-07-26T10:25:00,2023-07-26T13:30:00,PT35H35M,1,4854.02,GBP,LH,ECONOMY
400,131,LUFTHANSA CARGO AG.,0,SFO,SYD,2023-07-26T22:55:00,2023-07-28T07:00:00,PT35H35M,1,4854.02,GBP,LH,ECONOMY
401,132,LUFTHANSA CARGO AG.,0,SYD,SIN,2023-03-15T16:10:00,2023-03-15T21:20:00,PT28H35M,1,4854.02,GBP,LH,ECONOMY
402,132,LUFTHANSA CARGO AG.,0,SIN,FRA,2023-03-15T23:55:00,2023-03-16T06:20:00,PT28H35M,1,4854.02,GBP,LH,ECONOMY
403,132,LUFTHANSA CARGO AG.,0,FRA,LHR,2023-03-16T09:00:00,2023-03-16T09:45:00,PT28H35M,1,4854.02,GBP,LH,ECONOMY
404,132,LUFTHANSA CARGO AG.,0,LHR,SFO,2023-07-26T10:25:00,2023-07-26T13:30:00,PT35H35M,1,4854.02,GBP,LH,ECONOMY
405,132,LUFTHANSA CARGO AG.,0,SFO,SYD,2023-07-26T22:55:00,2023-07-28T07:00:00,PT35H35M,1,4854.02,GBP,LH,ECONOMY
406,133,LUFTHANSA CARGO AG.,0,SYD,SIN,2023-03-15T16:10:00,2023-03-15T21:20:00,PT29H35M,1,4854.02,GBP,LH,ECONOMY
407,133,LUFTHANSA CARGO AG.,0,SIN,FRA,2023-03-15T23:55:00,2023-03-16T06:20:00,PT29H35M,1,4854.02,GBP,LH,ECONOMY
408,133,LUFTHANSA CARGO AG.,0,FRA,LHR,2023-03-16T10:00:00,2023-03-16T10:45:00,PT29H35M,1,4854.02,GBP,LH,ECONOMY
409,133,LUFTHANSA CARGO AG.,0,LHR,SFO,2023-07-26T10:25:00,2023-07-26T13:30:00,PT35H35M,1,4854.02,GBP,LH,ECONOMY
410,133,LUFTHANSA CARGO AG.,0,SFO,SYD,2023-07-26T22:55:00,2023-07-28T07:00:00,PT35H35M,1,4854.02,GBP,LH,ECONOMY
411,134,"DELTA AIR LINES, INC.",0,SYD,LAX,2023-03-15T10:20:00,2023-03-15T06:00:00,PT36H20M,1,11568.42,GBP,DL,ECONOMY
412,134,"DELTA AIR LINES, INC.",0,LAX,LHR,2023-03-15T18:25:00,2023-03-16T11:40:00,PT36H20M,1,11568.42,GBP,DL,ECONOMY
413,134,"DELTA AIR LINES, INC.",0,LHR,LAX,2023-07-26T15:45:00,2023-07-26T19:10:00,PT29H50M,1,11568.42,GBP,DL,ECONOMY
414,134,"DELTA AIR LINES, INC.",0,LAX,SYD,2023-07-26T22:35:00,2023-07-28T06:35:00,PT29H50M,1,11568.42,GBP,DL,ECONOMY
415,135,CHINA EASTERN AIRLINES,0,SYD,PVG,2023-03-15T12:30:00,2023-03-15T19:50:00,PT40H,1,13302.62,GBP,MU,ECONOMY
416,135,CHINA EASTERN AIRLINES,0,PVG,LHR,2023-03-16T13:00:00,2023-03-16T17:30:00,PT40H,1,13302.62,GBP,MU,ECONOMY
417,135,CHINA EASTERN AIRLINES,0,LHR,PVG,2023-07-26T21:20:00,2023-07-27T15:40:00,PT26H40M,1,13302.62,GBP,MU,ECONOMY
418,135,CHINA EASTERN AIRLINES,0,PVG,SYD,2023-07-27T20:20:00,2023-07-28T09:00:00,PT26H40M,1,13302.62,GBP,MU,ECONOMY
